{
    "swaggerDocument": {
      "paymentapi": "3.0.0",
      "info": {
        "title": "Payment Gateway API",
        "version": "1.0.0",
        "description": "API for processing transactions in a payment gateway"
      },
      "paths": {
        "/transactions": {
          "post": {
            "summary": "Create a new transaction",
            "tags": ["Transactions"],
            "requestBody": {
              "description": "Transaction details",
              "required": true,
              "content": {
                "application/json": {
                  "example": {
                    "amount": 100,
                    "currency": "NGN",
                    "cardNumber": "1234-5678-9012-3456",
                    "expiryDate": "01/23",
                    "cvv": "123"
                  }
                }
              }
            },
            "responses": {
              "200": {
                "description": "Successful response",
                "content": {
                  "application/json": {
                    "example": {
                      "transactionId": 12345
                    }
                  }
                }
              }
            }
          }
        },
        "/transactions/{id}": {
          "get": {
            "summary": "Get details of a specific transaction",
            "tags": ["Transactions"],
            "parameters": [
              {
                "name": "id",
                "in": "path",
                "required": true,
                "description": "Transaction ID",
                "schema": {
                  "type": "integer"
                }
              }
            ],
            "responses": {
              "200": {
                "description": "Successful response",
                "content": {
                  "application/json": {
                    "example": {
                      "id": 12345,
                      "amount": 100,
                      "currency": "NGN",
                      "cardNumber": "1234-5678-9012-3456",
                      "status": "pending"
                    }
                  }
                }
              },
              "404": {
                "description": "Transaction not found",
                "content": {
                  "application/json": {
                    "example": {
                      "error": "Transaction not found"
                    }
                  }
                }
              }
            }
          }
        },
        "/webhook": {
          "post": {
            "summary": "Update transaction status via webhook",
            "tags": ["Webhook"],
            "requestBody": {
              "description": "Webhook details",
              "required": true,
              "content": {
                "application/json": {
                  "example": {
                    "transactionId": 12345,
                    "status": "completed"
                  }
                }
              }
            },
            "responses": {
              "200": {
                "description": "Successful response",
                "content": {
                  "application/json": {
                    "example": {
                      "message": "Transaction status updated"
                    }
                  }
                }
              },
              "404": {
                "description": "Transaction not found",
                "content": {
                  "application/json": {
                    "example": {
                      "error": "Transaction not found"
                    }
                  }
                }
              }
            }
          }
        }
      }
    }
  }
  